{"DLR": {"score": 0.9869606315087505, "total_time": 98148, "average_time": 2804.2285714285713}, "PassportEye": {"score": 0.7258183030390186, "total_time": 48992, "average_time": 1399.7714285714285}, "EasyOCR": {"score": 0.74552407893126, "total_time": 675846, "average_time": 19309.885714285716}, "PaddleOCR": {"score": 0.8208842949452902, "total_time": 63331, "average_time": 1809.4571428571428}, "MLKit": {"score": 0.885535270337616, "total_time": 24082, "average_time": 688.0571428571428}}